,%top,ER1,ER2,ER3,ER4,ER5,ER6,ER7,EZ,LMW,LVR1,LVR1+4,LVR1+4/3+6,LVR2,LVR3,LVR3+6,LVR4,LVR5,LVR6,LVR7,LVWhole,RS,Rh source,SStoutR1,SStoutR2,SStoutR3,SStoutR4,Type,VB,boron reagent,equivs boron reagent,ligand,mol% Rh,mol% ligand,solvent,substrate,temp,time,yield
0,2.25,-0.09,0,0,-0.09,0,0,0,1,272.1565006,94.18429025,188.3685805,188.3685805,0,0,0,94.18429025,0,0,20.25598522,279.4546413,1,[Rh(C2H4)2Cl]2,22.51198396,0,28.08309257,0,Lam,134.6239983,OB(C1=CC=CC=C1)O,2,L3.1,1.5,3,dioxane/H2O,CC(/C=C/C(C)C)=O,30,3,81
1,2.5,-0.09,0,0,-0.09,0,0,0,1,272.1565006,94.18429025,188.3685805,188.3685805,0,0,0,94.18429025,0,0,20.25598522,279.4546413,1,[Rh(C2H4)2Cl]2,22.51198396,0,18.15163112,0,Lam,134.6239983,OB(C1=CC=CC=C1)O,2,L3.1,1.5,3.3,dioxane/H2O,CC(/C=C/CCCCC)=O,30,1,84
2,5,-0.09,0,0,-0.09,0,0,0,1,272.1565006,94.18429025,188.3685805,188.3685805,0,0,0,94.18429025,0,0,20.25598522,279.4546413,1,[Rh(C2H4)2Cl]2,26.42553764,0,26.42553764,0,Lam,134.6239983,OB(C1=CC=CC=C1)O,3,L3.1,2.5,5.5,dioxane/H2O,O=C(/C=C/C(OC(C)(C)C)=O)OC(C)(C)C,50,3,78
3,5,-0.09,0,0,-0.09,0,0,0,1,272.1565006,94.18429025,188.3685805,188.3685805,0,0,0,94.18429025,0,0,20.25598522,279.4546413,1,[Rh(C2H4)2Cl]2,22.10154133,0,18.72206172,0,Lam,348.0319373,C1(B2OB(C3=CC=CC=C3)OB(C4=CC=CC=C4)O2)=CC=CC=C1,2,L3.1,1.5,3,dioxane/H2O,O=C(/C=C/CCC)OC(C)C,50,1,73
4,3.5,-0.01,-0.17,0,-0.01,0,0,-0.17,1,286.1721507,76.88830503,153.7766101,153.7766101,0,0,0,76.88830503,21.5742147,0,54.84795567,296.7506265,1,[Rh(C2H4)2Cl]2,22.51198396,0,28.08309257,0,Lam,134.6239983,OB(C1=CC=CC=C1)O,2,L3.10,1.5,3.6,dioxane,CC(/C=C/C(C)C)=O,25,1,91
5,33,-0.01,-0.17,0,-0.01,0,0,-0.17,1,286.1721507,76.88830503,153.7766101,153.7766101,0,0,0,76.88830503,21.5742147,0,54.84795567,296.7506265,1,[Rh(C2H4)2Cl]2,17.93806496,0,17.93806496,0,Lam,134.6239983,OB(C1=CC=CC=C1)O,3,L3.10,2.5,6,MeOH/CH2Cl2,COC(/C=C/C(OC)=O)=O,60,1,89
6,11.5,-0.01,-0.17,0,-0.01,0,0,-0.17,1,286.1721507,76.88830503,153.7766101,153.7766101,0,0,0,76.88830503,21.5742147,0,54.84795567,296.7506265,1,[Rh(C2H4)2Cl]2,17.77754503,0,17.77754503,0,Lam,134.6239983,OB(C1=CC=CC=C1)O,3,L3.10,2.5,6,MeOH/CH2Cl2,CCOC(/C=C/C(OCC)=O)=O,60,1,99
7,1.275,-0.01,-0.17,0,-0.01,0,0,-0.17,1,286.1721507,76.88830503,153.7766101,153.7766101,0,0,0,76.88830503,21.5742147,0,54.84795567,296.7506265,1,[Rh(C2H4)2Cl]2,26.42553764,0,26.42553764,0,Lam,134.6239983,OB(C1=CC=CC=C1)O,3,L3.10,0.5,1.2,MeOH/CH2Cl2,O=C(/C=C/C(OC(C)(C)C)=O)OC(C)(C)C,60,1,92
8,1.833333333,-0.01,-0.17,0,-0.01,0,0,-0.17,1,286.1721507,76.88830503,153.7766101,153.7766101,0,0,0,76.88830503,21.5742147,0,54.84795567,296.7506265,1,[Rh(C2H4)2Cl]2,26.42553764,0,26.42553764,0,Lam,151.9199836,CC1=C(B(O)O)C=CC=C1,3,L3.10,0.5,1.2,i-PrOH/CH2Cl2,O=C(/C=C/C(OC(C)(C)C)=O)OC(C)(C)C,60,1,99
9,1.666666667,-0.01,-0.17,0,-0.01,0,0,-0.17,1,286.1721507,76.88830503,153.7766101,153.7766101,0,0,0,76.88830503,21.5742147,0,54.84795567,296.7506265,1,[Rh(C2H4)2Cl]2,26.42553764,0,26.42553764,0,Lam,170.1226604,OB(C1=C(C(F)(F)F)C=CC=C1)O,3,L3.10,0.5,1.2,i-PrOH/CH2Cl2,O=C(/C=C/C(OC(C)(C)C)=O)OC(C)(C)C,60,1,85
10,2.166666667,-0.01,-0.17,0,-0.01,0,0,-0.17,1,286.1721507,76.88830503,153.7766101,153.7766101,0,0,0,76.88830503,21.5742147,0,54.84795567,296.7506265,1,[Rh(C2H4)2Cl]2,26.42553764,0,26.42553764,0,Lam,160.7102105,COC1=C(B(O)O)C=CC=C1,3,L3.10,0.5,1.2,i-PrOH/CH2Cl2,O=C(/C=C/C(OC(C)(C)C)=O)OC(C)(C)C,60,1,99
11,1.75,-0.01,-0.17,0,-0.01,0,0,-0.17,1,286.1721507,76.88830503,153.7766101,153.7766101,0,0,0,76.88830503,21.5742147,0,54.84795567,296.7506265,1,[Rh(C2H4)2Cl]2,26.42553764,0,26.42553764,0,Lam,160.5647539,OB(C1=CC([N+]([O-])=O)=CC=C1)O,3,L3.10,0.5,1.2,i-PrOH/CH2Cl2,O=C(/C=C/C(OC(C)(C)C)=O)OC(C)(C)C,60,1,99
12,1.25,-0.01,-0.17,0,-0.01,0,0,-0.17,1,286.1721507,76.88830503,153.7766101,153.7766101,0,0,0,76.88830503,21.5742147,0,54.84795567,296.7506265,1,[Rh(C2H4)2Cl]2,26.42553764,0,26.42553764,0,Lam,149.8350664,ClC1=CC=CC(B(O)O)=C1,3,L3.10,0.5,1.2,i-PrOH/CH2Cl2,O=C(/C=C/C(OC(C)(C)C)=O)OC(C)(C)C,60,1,99
13,2,-0.01,-0.17,0,-0.01,0,0,-0.17,1,286.1721507,76.88830503,153.7766101,153.7766101,0,0,0,76.88830503,21.5742147,0,54.84795567,296.7506265,1,[Rh(C2H4)2Cl]2,26.42553764,0,26.42553764,0,Lam,203.8079392,CC(C)(C)C1=CC=C(B(O)O)C=C1,3,L3.10,0.5,1.2,i-PrOH/CH2Cl2,O=C(/C=C/C(OC(C)(C)C)=O)OC(C)(C)C,60,1,99
14,1,-0.01,-0.17,0,-0.01,0,0,-0.17,1,286.1721507,76.88830503,153.7766101,153.7766101,0,0,0,76.88830503,21.5742147,0,54.84795567,296.7506265,1,[Rh(C2H4)2Cl]2,26.42553764,0,26.42553764,0,Lam,207.2340739,OB(C1=CC=C(C2=CC=CC=C2)C=C1)O,3,L3.10,0.5,1.2,i-PrOH/CH2Cl2,O=C(/C=C/C(OC(C)(C)C)=O)OC(C)(C)C,60,1,99
15,1,-0.01,-0.17,0,-0.01,0,0,-0.17,1,286.1721507,76.88830503,153.7766101,153.7766101,0,0,0,76.88830503,21.5742147,0,54.84795567,296.7506265,1,[Rh(C2H4)2Cl]2,26.42553764,0,26.42553764,0,Lam,175.3697368,CC(C1=CC=C(B(O)O)C=C1)=O,3,L3.10,0.5,1.2,i-PrOH/CH2Cl2,O=C(/C=C/C(OC(C)(C)C)=O)OC(C)(C)C,60,1,99
16,0.5,-0.01,-0.17,0,-0.01,0,0,-0.17,1,286.1721507,76.88830503,153.7766101,153.7766101,0,0,0,76.88830503,21.5742147,0,54.84795567,296.7506265,1,[Rh(C2H4)2Cl]2,26.42553764,0,26.42553764,0,Lam,140.6915573,FC1=CC=C(B(O)O)C=C1,3,L3.10,0.5,1.2,i-PrOH/CH2Cl2,O=C(/C=C/C(OC(C)(C)C)=O)OC(C)(C)C,60,1,99
17,1.5,-0.01,-0.17,0,-0.01,0,0,-0.17,1,286.1721507,76.88830503,153.7766101,153.7766101,0,0,0,76.88830503,21.5742147,0,54.84795567,296.7506265,1,[Rh(C2H4)2Cl]2,26.42553764,0,26.42553764,0,Lam,146.7591162,FC1=CC=CC(F)=C1B(O)O,3,L3.10,0.5,1.2,i-PrOH/CH2Cl2,O=C(/C=C/C(OC(C)(C)C)=O)OC(C)(C)C,60,1,77
18,1.75,-0.01,-0.17,0,-0.01,0,0,-0.17,1,286.1721507,76.88830503,153.7766101,153.7766101,0,0,0,76.88830503,21.5742147,0,54.84795567,296.7506265,1,[Rh(C2H4)2Cl]2,26.42553764,0,26.42553764,0,Lam,175.2785624,OB(C1=C2C(C=CC=C2)=CC=C1)O,3,L3.10,0.5,1.2,i-PrOH/CH2Cl2,O=C(/C=C/C(OC(C)(C)C)=O)OC(C)(C)C,60,1,99
19,1,-0.01,-0.17,0,-0.01,0,0,-0.17,0,286.1721507,76.88830503,153.7766101,153.7766101,0,0,0,76.88830503,21.5742147,0,54.84795567,296.7506265,1,[Rh(C2H4)2Cl]2,26.42553764,26.42553764,0,0,Lam,134.6239983,OB(C1=CC=CC=C1)O,3,L3.10,2.5,6,MeOH/CH2Cl2,O=C(/C=C\C(OC(C)(C)C)=O)OC(C)(C)C,60,1,83
20,2.5,-0.01,-0.17,0,-0.01,0,0,-0.17,1,286.1721507,76.88830503,153.7766101,153.7766101,0,0,0,76.88830503,21.5742147,0,54.84795567,296.7506265,1,[Rh(C2H4)2Cl]2,26.42553764,0,23.95337594,0,Lam,134.6239983,OB(C1=CC=CC=C1)O,3,L3.10,0.5,1.2,i-PrOH/CH2Cl2,O=C(/C=C/C(OC1=C(C)C=CC=C1C)=O)OC(C)(C)C,60,1,74
21,25,-0.01,-0.17,0,-0.01,0,0,-0.17,1,286.1721507,76.88830503,153.7766101,153.7766101,0,0,0,76.88830503,21.5742147,0,54.84795567,296.7506265,1,[Rh(C2H4)2Cl]2,15.10949251,0,18.83685805,0,Lam,134.6239983,OB(C1=CC=CC=C1)O,1.5,L3.10,1.5,3.6,toluene/H2O,CC(C=C1)=CC=C1/C=C/[N+]([O-])=O,50,23,67
22,11.5,-0.03,-0.17,0,-0.03,0,0,-0.17,1,314.2034508,94.18429025,188.3685805,188.3685805,0,0,0,94.18429025,21.5742147,0,54.84795567,331.3425969,1,[Rh(C2H4)2Cl]2,22.51198396,0,28.08309257,0,Lam,134.6239983,OB(C1=CC=CC=C1)O,2,L3.11,1.5,3.6,dioxane,CC(/C=C/C(C)C)=O,25,1,90
23,23,-0.03,-0.17,0,-0.03,0,0,-0.17,1,314.2034508,94.18429025,188.3685805,188.3685805,0,0,0,94.18429025,21.5742147,0,54.84795567,331.3425969,1,[Rh(C2H4)2Cl]2,15.10949251,0,18.83685805,0,Lam,134.6239983,OB(C1=CC=CC=C1)O,1.5,L3.11,1.5,3.6,toluene/H2O,CC(C=C1)=CC=C1/C=C/[N+]([O-])=O,50,23,85
24,11,-0.03,-0.17,0,-0.03,0,0,-0.17,1,398.2973512,146.0722459,292.1444918,292.1444918,0,0,0,146.0722459,21.5742147,0,54.84795567,435.1185083,1,[Rh(C2H4)2Cl]2,22.51198396,0,28.08309257,0,Lam,134.6239983,OB(C1=CC=CC=C1)O,2,L3.12,1.5,3.6,dioxane,CC(/C=C/C(C)C)=O,25,1,72
25,8.5,0,-0.17,0,0,0,0,-0.17,1,438.234751,149.4983806,298.9967612,298.9967612,0,0,0,149.4983806,21.5742147,0,54.84795567,441.9707776,1,[Rh(C2H4)2Cl]2,22.51198396,0,28.08309257,0,Lam,134.6239983,OB(C1=CC=CC=C1)O,2,L3.13,1.5,3.6,dioxane,CC(/C=C/C(C)C)=O,25,1,100
26,22.5,0,-0.17,0,0,0,0,-0.17,1,438.234751,149.4983806,298.9967612,298.9967612,0,0,0,149.4983806,21.5742147,0,54.84795567,441.9707776,1,[Rh(C2H4)2Cl]2,15.10949251,0,18.83685805,0,Lam,134.6239983,OB(C1=CC=CC=C1)O,1.5,L3.13,1.5,3.6,toluene/H2O,CC(C=C1)=CC=C1/C=C/[N+]([O-])=O,50,23,56
27,2,0.26,-0.17,0,0.26,0,0,-0.17,1,376.1423071,102.8290606,205.6581212,205.6581212,0,0,0,102.8290606,21.5742147,0,54.84795567,348.6321376,1,[Rh(C2H4)2Cl]2,22.51198396,0,28.08309257,0,Lam,134.6239983,OB(C1=CC=CC=C1)O,2,L3.14,1.5,3.6,EtOH,CC(C)\C=C\C(C)=O,30,2,89
28,2,0.26,-0.17,0,0.26,0,0,-0.17,1,376.1423071,102.8290606,205.6581212,205.6581212,0,0,0,102.8290606,21.5742147,0,54.84795567,348.6321376,1,[Rh(C2H4)2Cl]2,22.51198396,0,28.08309257,0,Lam,151.9199836,CC1=CC=CC=C1B(O)O,2,L3.14,1.5,3.6,EtOH,CC(C)\C=C\C(C)=O,30,2,89
29,3.5,0.26,-0.17,0,0.26,0,0,-0.17,1,376.1423071,102.8290606,205.6581212,205.6581212,0,0,0,102.8290606,21.5742147,0,54.84795567,348.6321376,1,[Rh(C2H4)2Cl]2,22.51198396,0,28.08309257,0,Lam,160.7102105,OB(C1=CC=C(OC)C=C1)O,2,L3.14,1.5,3.6,EtOH,CC(C)\C=C\C(C)=O,30,8,99
30,28,0.26,-0.17,0,0.26,0,0,-0.17,1,376.1423071,102.8290606,205.6581212,205.6581212,0,0,0,102.8290606,21.5742147,0,54.84795567,348.6321376,1,[Rh(C2H4)2Cl]2,15.10949251,0,18.83685805,0,Lam,134.6239983,OB(C1=CC=CC=C1)O,1.5,L3.14,1.5,3.6,toluene/H2O,CC(C=C1)=CC=C1/C=C/[N+]([O-])=O,50,23,98
31,4.5,-0.2,-0.17,0,-0.2,0,0,-0.17,1,322.1533071,82.95586398,165.911728,165.911728,0,0,0,82.95586398,21.5742147,0,54.84795567,308.8857444,1,[Rh(C2H4)2Cl]2,22.51198396,0,28.08309257,0,Lam,134.6239983,OB(C1=CC=CC=C1)O,2,L3.15,1.5,3.6,dioxane,CC(/C=C/C(C)C)=O,25,1,85
32,27.5,-0.2,-0.17,0,-0.2,0,0,-0.17,1,322.1533071,82.95586398,165.911728,165.911728,0,0,0,82.95586398,21.5742147,0,54.84795567,308.8857444,1,[Rh(C2H4)2Cl]2,15.10949251,0,18.83685805,0,Lam,134.6239983,OB(C1=CC=CC=C1)O,1.5,L3.15,1.5,3.6,toluene/H2O,CC(C=C1)=CC=C1/C=C/[N+]([O-])=O,50,23,90
33,3.625,0.14,-0.17,0,0.14,0,0,-0.17,1,386.2034508,117.5428691,235.0857382,235.0857382,21.5742147,0,0,117.5428691,0,0,54.84795567,378.0597546,1,[Rh(C2H4)2Cl]2,22.51198396,0,28.08309257,0,Lam,134.6239983,OB(C1=CC=CC=C1)O,2,L3.156,1.5,3.6,dioxane,CC(/C=C/C(C)C)=O,25,1,87
34,1,0.14,-0.17,0,0.14,0,0,-0.17,1,386.2034508,117.5428691,235.0857382,235.0857382,21.5742147,0,0,117.5428691,0,0,54.84795567,378.0597546,1,[Rh(C2H4)2Cl]2,22.51198396,0,28.08309257,0,Lam,151.9199836,CC1=CC=CC=C1B(O)O,2,L3.156,0.025,0.06,EtOH,CC(C)\C=C\C(C)=O,25,96,68
35,3.25,0.14,-0.17,0,0.14,0,0,-0.17,1,386.2034508,117.5428691,235.0857382,235.0857382,21.5742147,0,0,117.5428691,0,0,54.84795567,378.0597546,1,[Rh(C2H4)2Cl]2,22.51198396,0,28.08309257,0,Lam,160.7102105,OB(C1=CC=CC(OC)=C1)O,2,L3.156,0.025,0.06,EtOH,CC(C)\C=C\C(C)=O,25,11,86
36,1.5,0.14,-0.17,0,0.14,0,0,-0.17,1,386.2034508,117.5428691,235.0857382,235.0857382,21.5742147,0,0,117.5428691,0,0,54.84795567,378.0597546,1,[Rh(C2H4)2Cl]2,22.51198396,0,28.08309257,0,Lam,207.2340739,OB(C1=CC=C(C2=CC=CC=C2)C=C1)O,2,L3.156,0.025,0.06,EtOH,CC(C)\C=C\C(C)=O,25,5.5,72
37,2,0.14,-0.17,0,0.14,0,0,-0.17,1,386.2034508,117.5428691,235.0857382,235.0857382,21.5742147,0,0,117.5428691,0,0,54.84795567,378.0597546,1,[Rh(C2H4)2Cl]2,22.51198396,0,28.08309257,0,Lam,170.1226604,OB(C1=CC=C(C(F)(F)F)C=C1)O,2,L3.156,0.025,0.06,EtOH,CC(C)\C=C\C(C)=O,25,50,74
38,2.5,0.14,-0.17,0,0.14,0,0,-0.17,1,386.2034508,117.5428691,235.0857382,235.0857382,21.5742147,0,0,117.5428691,0,0,54.84795567,378.0597546,1,[Rh(C2H4)2Cl]2,22.51198396,0,28.08309257,0,Lam,175.2785624,OB(C1=CC=CC2=C1C=CC=C2)O,2,L3.156,0.025,0.06,EtOH,CC(C)\C=C\C(C)=O,25,25,77
39,5,0.14,-0.17,0,0.14,0,0,-0.17,1,386.2034508,117.5428691,235.0857382,235.0857382,21.5742147,0,0,117.5428691,0,0,54.84795567,378.0597546,1,[Rh(C2H4)2Cl]2,22.51198396,0,26.13389888,0,Lam,134.6239983,OB(C1=CC=CC=C1)O,2,L3.156,0.025,0.06,EtOH,CC(/C=C/C1CCCC1)=O,25,24,94
40,1.4,0.14,-0.17,0,0.14,0,0,-0.17,1,386.2034508,117.5428691,235.0857382,235.0857382,21.5742147,0,0,117.5428691,0,0,54.84795567,378.0597546,1,[Rh(C2H4)2Cl]2,22.51198396,0,26.13389888,0,Lam,151.9199836,CC1=C(B(O)O)C=CC=C1,2,L3.156,0.025,0.06,EtOH,CC(/C=C/C1CCCC1)=O,25,96,80
41,2.75,0.14,-0.17,0,0.14,0,0,-0.17,1,386.2034508,117.5428691,235.0857382,235.0857382,21.5742147,0,0,117.5428691,0,0,54.84795567,378.0597546,1,[Rh(C2H4)2Cl]2,22.51198396,0,26.13389888,0,Lam,149.8350664,ClC1=CC=CC(B(O)O)=C1,2,L3.156,0.025,0.06,EtOH,CC(/C=C/C1CCCC1)=O,25,16,99
42,0.3,0.14,-0.17,0,0.14,0,0,-0.17,1,386.2034508,117.5428691,235.0857382,235.0857382,21.5742147,0,0,117.5428691,0,0,54.84795567,378.0597546,1,[Rh(C2H4)2Cl]2,22.51198396,0,26.13389888,0,Lam,170.1226604,OB(C1=CC=C(C(F)(F)F)C=C1)O,2,L3.156,0.025,0.06,EtOH,CC(/C=C/C1CCCC1)=O,25,72,99
43,11,0.14,-0.17,0,0.14,0,0,-0.17,1,386.2034508,117.5428691,235.0857382,235.0857382,21.5742147,0,0,117.5428691,0,0,54.84795567,378.0597546,1,[Rh(C2H4)2Cl]2,22.51198396,0,17.16241953,0,Lam,134.6239983,OB(C1=CC=CC=C1)O,2,L3.156,0.025,0.06,EtOH,CC(/C=C/C1=CC=C(OC)C=C1)=O,25,27,98
44,3,0.14,-0.17,0,0.14,0,0,-0.17,1,386.2034508,117.5428691,235.0857382,235.0857382,21.5742147,0,0,117.5428691,0,0,54.84795567,378.0597546,1,[Rh(C2H4)2Cl]2,22.51198396,0,16.5911728,0,Lam,134.6239983,OB(C1=CC=CC=C1)O,2,L3.156,0.025,0.06,EtOH,CC(/C=C/C1=CC=C(F)C=C1)=O,25,16,95
45,1,0.14,-0.17,0,0.14,0,0,-0.17,1,386.2034508,117.5428691,235.0857382,235.0857382,21.5742147,0,0,117.5428691,0,0,54.84795567,378.0597546,1,[Rh(C2H4)2Cl]2,26.42553764,0,21.5742147,0,Lam,134.6239983,OB(C1=CC=CC=C1)O,2,L3.156,0.025,0.06,EtOH,O=C(/C=C/C)OC(C)(C)C,60,2,81
46,0.5,0.14,-0.17,0,0.14,0,0,-0.17,1,386.2034508,117.5428691,235.0857382,235.0857382,21.5742147,0,0,117.5428691,0,0,54.84795567,378.0597546,1,[Rh(C2H4)2Cl]2,26.42553764,0,19.22207626,0,Lam,160.7102105,COC1=CC=C(B(O)O)C=C1,2,L3.156,0.025,0.06,EtOH,O=C(/C=C/C1=CC=CC=C1)OC(C)(C)C,60,14,99.5
47,2,0.14,-0.17,0,0.14,0,0,-0.17,1,386.2034508,117.5428691,235.0857382,235.0857382,21.5742147,0,0,117.5428691,0,0,54.84795567,378.0597546,1,[Rh(C2H4)2Cl]2,26.42553764,0,21.46208822,0,Lam,134.6239983,OB(C1=CC=CC=C1)O,2,L3.156,0.25,0.6,EtOH,O=C(/C=C/C1=CC=C(Cl)C(Cl)=C1)OC(C)(C)C,60,23,88
48,8.125,0.14,-0.17,0,0.14,0,0,-0.17,1,386.2034508,117.5428691,235.0857382,235.0857382,21.5742147,0,0,117.5428691,0,0,54.84795567,378.0597546,1,[Rh(C2H4)2Cl]2,15.10949251,0,18.83685805,0,Lam,134.6239983,OB(C1=CC=CC=C1)O,1.5,L3.156,1.5,3.6,toluene/H2O,CC(C=C1)=CC=C1/C=C/[N+]([O-])=O,50,1.5,85
49,11,-0.03,0,0,-0.03,0,0,0,1,286.1721507,94.18429025,188.3685805,188.3685805,0,0,0,94.18429025,0,0,32.69197045,292.9506265,1,[Rh(C2H4)2Cl]2,22.51198396,0,28.08309257,0,Lam,134.6239983,OB(C1=CC=CC=C1)O,2,L3.158,1.5,3.3,dioxane/H2O,CC(/C=C/C(C)C)=O,30,1,89
50,4,-0.09,0,0,-0.09,0,0,0,1,394.1156198,112.3869671,224.7739342,224.7739342,0,0,0,112.3869671,0,0,32.69197045,329.3559802,1,[Rh(C2H4)2Cl]2,22.51198396,0,28.08309257,0,Lam,134.6239983,OB(C1=CC=CC=C1)O,2,L3.159,1.5,3.3,dioxane/H2O,CC(/C=C/C(C)C)=O,30,1,90
51,6,0.12,-0.17,0,0.12,0,0,-0.17,1,382.1255061,109.3953583,218.7907166,218.7907166,0,0,0,109.3953583,21.5742147,0,54.84795567,361.764733,1,[Rh(C2H4)2Cl]2,22.51198396,0,28.08309257,0,Lam,134.6239983,OB(C1=CC=CC=C1)O,2,L3.16,1.5,3.6,dioxane,CC(/C=C/C(C)C)=O,25,1,74
52,24,0.12,-0.17,0,0.12,0,0,-0.17,1,382.1255061,109.3953583,218.7907166,218.7907166,0,0,0,109.3953583,21.5742147,0,54.84795567,361.764733,1,[Rh(C2H4)2Cl]2,15.10949251,0,18.83685805,0,Lam,134.6239983,OB(C1=CC=CC=C1)O,1.5,L3.16,1.5,3.6,toluene/H2O,CC(C=C1)=CC=C1/C=C/[N+]([O-])=O,50,23,95
53,11,-0.08,0,0,-0.08,0,0,0,1,318.1619799,102.9745172,205.9490344,205.9490344,0,0,0,102.9745172,0,0,32.69197045,310.5310804,1,[Rh(C2H4)2Cl]2,22.51198396,0,28.08309257,0,Lam,134.6239983,OB(C1=CC=CC=C1)O,2,L3.160,1.5,3.3,dioxane/H2O,CC(/C=C/C(C)C)=O,30,1,91
54,7.5,-0.09,0,0,-0.09,0,0,0,1,314.2034508,111.4802755,222.9605509,222.9605509,0,0,0,111.4802755,0,0,32.69197045,327.5425969,1,[Rh(C2H4)2Cl]2,22.51198396,0,28.08309257,0,Lam,134.6239983,OB(C1=CC=CC=C1)O,2,L3.161,1.5,3.3,dioxane/H2O,CC(/C=C/C(C)C)=O,30,1,88
55,19.5,-0.01,0.15,0,-0.01,0.15,0,0,1,322.1533071,76.88830503,153.7766101,153.7766101,27.64177365,0,0,76.88830503,27.64177365,0,32.69197045,305.0857444,1,[Rh(C2H4)2Cl]2,22.51198396,0,18.15163112,0,Lam,134.6239983,OB(C1=CC=CC=C1)O,2,L3.163,1.5,3.3,dioxane/H2O,CC(/C=C/CCCCC)=O,25,3,95
56,5,0,0,0,0,0,0,0,1,248.2140155,168.7323234,168.7323234,168.7323234,0,0,0,0,0,0,32.69197045,277.5925989,0.5,[Rh(C2H4)2Cl]2,22.51198396,0,18.15163112,0,Lam,134.6239983,OB(C1=CC=CC=C1)O,2,L3.19,0.25,0.55,MeOH/H2O,CC(/C=C/CCCCC)=O,50,1,91
57,5,-0.09,0,0,-0.09,0,0,0,1,356.250401,146.0722459,292.1444918,292.1444918,0,0,0,146.0722459,0,0,20.25598522,383.2305526,1,[Rh(C2H4)2Cl]2,26.42553764,0,26.42553764,0,Lam,134.6239983,OB(C1=CC=CC=C1)O,3,L3.2,2.5,5.5,dioxane/H2O,O=C(/C=C/C(OC(C)(C)C)=O)OC(C)(C)C,50,3,90
58,4.5,-0.09,0,0,-0.09,0,0,0,1,356.250401,146.0722459,292.1444918,292.1444918,0,0,0,146.0722459,0,0,20.25598522,383.2305526,1,[Rh(C2H4)2Cl]2,26.42553764,0,26.42553764,0,Lam,151.9199836,CC1=C(B(O)O)C=CC=C1,3,L3.2,2.5,5.5,dioxane/H2O,O=C(/C=C/C(OC(C)(C)C)=O)OC(C)(C)C,50,3,80
59,7,-0.09,0,0,-0.09,0,0,0,1,356.250401,146.0722459,292.1444918,292.1444918,0,0,0,146.0722459,0,0,20.25598522,383.2305526,1,[Rh(C2H4)2Cl]2,26.42553764,0,26.42553764,0,Lam,160.7102105,COC1=CC=C(B(O)O)C=C1,3,L3.2,2.5,5.5,dioxane/H2O,O=C(/C=C/C(OC(C)(C)C)=O)OC(C)(C)C,50,3,78
60,5,-0.09,0,0,-0.09,0,0,0,1,356.250401,146.0722459,292.1444918,292.1444918,0,0,0,146.0722459,0,0,20.25598522,383.2305526,1,[Rh(C2H4)2Cl]2,26.42553764,0,26.42553764,0,Lam,140.6915573,FC1=CC=C(B(O)O)C=C1,3,L3.2,2.5,5.5,dioxane/H2O,O=C(/C=C/C(OC(C)(C)C)=O)OC(C)(C)C,50,3,85
61,6.5,-0.09,0,0,-0.09,0,0,0,1,356.250401,146.0722459,292.1444918,292.1444918,0,0,0,146.0722459,0,0,20.25598522,383.2305526,1,[Rh(C2H4)2Cl]2,26.42553764,0,26.42553764,0,Lam,175.2785624,OB(C1=CC2=C(C=CC=C2)C=C1)O,3,L3.2,2.5,5.5,dioxane/H2O,O=C(/C=C/C(OC(C)(C)C)=O)OC(C)(C)C,50,3,91
62,1.5,-0.01,0,0,-0.01,0,0,0,1,258.1408506,76.88830503,153.7766101,153.7766101,0,0,0,76.88830503,0,0,32.69197045,258.3586561,1,[Rh(C2H4)2Cl]2,22.51198396,0,29.3978241,0,Lam,134.6239983,OB(O)C1=CC=CC=C1,1.5,L3.20,1.5,3.3,dioxane,CC(/C=C/[Si](C)(C)C1=CC=CC=C1)=O,50,6,90
63,7.5,-0.01,0,0,-0.01,0,0,0,1,258.1408506,76.88830503,153.7766101,153.7766101,0,0,0,76.88830503,0,0,32.69197045,258.3586561,1,[Rh(C2H4)2Cl]2,22.51198396,0,28.08309257,0,Lam,134.6239983,OB(C1=CC=CC=C1)O,2,L3.20,1.5,3.3,dioxane/H2O,CC(/C=C/C(C)C)=O,30,1,95
64,5.75,-0.01,0,0,-0.01,0,0,0,1,258.1408506,76.88830503,153.7766101,153.7766101,0,0,0,76.88830503,0,0,32.69197045,258.3586561,1,[Rh(C2H4)2Cl]2,22.51198396,0,18.15163112,0,Lam,134.6239983,OB(C1=CC=CC=C1)O,2,L3.20,1.5,3.3,dioxane/H2O,CC(/C=C/CCCCC)=O,30,1,90
65,1,-0.01,0,0,-0.01,0,0,0,1,258.1408506,76.88830503,153.7766101,153.7766101,0,0,0,76.88830503,0,0,32.69197045,258.3586561,1,[Rh(C2H4)2Cl]2,22.51198396,0,18.15163112,0,Lam,151.9199836,CC1=C(B(O)O)C=CC=C1,2,L3.20,1.5,3.3,dioxane/H2O,CC(/C=C/CCCCC)=O,30,1,90
66,2,-0.01,0,0,-0.01,0,0,0,1,258.1408506,76.88830503,153.7766101,153.7766101,0,0,0,76.88830503,0,0,32.69197045,258.3586561,1,[Rh(C2H4)2Cl]2,22.51198396,0,18.15163112,0,Lam,170.1226604,OB(C1=CC=C(C(F)(F)F)C=C1)O,2,L3.20,1.5,3.3,dioxane/H2O,CC(/C=C/CCCCC)=O,30,3,93
67,2.5,-0.01,0,0,-0.01,0,0,0,1,258.1408506,76.88830503,153.7766101,153.7766101,0,0,0,76.88830503,0,0,32.69197045,258.3586561,1,[Rh(C2H4)2Cl]2,22.51198396,0,18.15163112,0,Lam,160.7102105,OB(C1=CC=C(OC)C=C1)O,2,L3.20,1.5,3.3,dioxane/H2O,CC(/C=C/CCCCC)=O,30,1,93
68,21.5,-0.01,0,0,-0.01,0,0,0,1,258.1408506,76.88830503,153.7766101,153.7766101,0,0,0,76.88830503,0,0,32.69197045,258.3586561,1,[Rh(C2H4)2Cl]2,17.93806496,0,17.16241953,0,Lam,134.6239983,OB(C1=CC=CC=C1)O,1.5,L3.20,1.5,3.3,dioxane,O=C(/C=C/C1=CC=C(OC)C=C1)OC,20,1,99
69,1.5,-0.01,0,0,-0.01,0,0,0,1,258.1408506,76.88830503,153.7766101,153.7766101,0,0,0,76.88830503,0,0,32.69197045,258.3586561,1,[Rh(C2H4)2Cl]2,17.93806496,0,19.22207626,13.6490287,Lam,151.9199836,CC1=CC=C(B(O)O)C=C1,1.5,L3.20,1.5,3.3,dioxane,O=C(/C(C#N)=C/C1=CC=CC=C1)OC,20,1,95
70,2,-0.01,0,0,-0.01,0,0,0,1,258.1408506,76.88830503,153.7766101,153.7766101,0,0,0,76.88830503,0,0,32.69197045,258.3586561,1,[Rh(C2H4)2Cl]2,17.93806496,0,19.22207626,13.6490287,Lam,153.9076176,BrC1=CC=C(B(O)O)C=C1,1.5,L3.20,1.5,3.3,dioxane,O=C(/C(C#N)=C/C1=CC=CC=C1)OC,20,1,96
71,0.5,-0.01,0,0,-0.01,0,0,0,1,258.1408506,76.88830503,153.7766101,153.7766101,0,0,0,76.88830503,0,0,32.69197045,258.3586561,1,[Rh(C2H4)2Cl]2,17.93806496,0,25.7436293,13.6490287,Lam,134.6239983,OB(C1=CC=CC=C1)O,1.5,L3.20,1.5,3.3,dioxane,O=C(/C(C#N)=C/C1=CC=CC=C1OC)OC,20,1,94
72,1,-0.01,0,0,-0.01,0,0,0,1,258.1408506,76.88830503,153.7766101,153.7766101,0,0,0,76.88830503,0,0,32.69197045,258.3586561,1,[Rh(C2H4)2Cl]2,17.93806496,0,20.59490344,13.6490287,Lam,134.6239983,OB(C1=CC=CC=C1)O,1.5,L3.20,1.5,3.3,dioxane,O=C(/C(C#N)=C/C1=CC=CC(OC)=C1)OC,20,1,99
73,6.25,-0.01,0,0,-0.01,0,0,0,1,258.1408506,76.88830503,153.7766101,153.7766101,0,0,0,76.88830503,0,0,32.69197045,258.3586561,1,[Rh(C2H4)2Cl]2,17.93806496,0,17.16241953,13.6490287,Lam,134.6239983,OB(C1=CC=CC=C1)O,1.5,L3.20,1.5,3.3,dioxane,O=C(/C(C#N)=C/C1=CC=C(OC)C=C1)OC,20,1,33
74,1.75,-0.01,0,0,-0.01,0,0,0,1,258.1408506,76.88830503,153.7766101,153.7766101,0,0,0,76.88830503,0,0,32.69197045,258.3586561,1,[Rh(C2H4)2Cl]2,17.93806496,0,17.16241953,13.6490287,Lam,151.9199836,CC1=C(B(O)O)C=CC=C1,1.5,L3.20,1.5,3.3,dioxane,O=C(/C(C#N)=C/C1=CC=C(OC)C=C1)OC,20,1,95
75,1,-0.01,0,0,-0.01,0,0,0,1,258.1408506,76.88830503,153.7766101,153.7766101,0,0,0,76.88830503,0,0,32.69197045,258.3586561,1,[Rh(C2H4)2Cl]2,17.93806496,0,17.16241953,13.6490287,Lam,153.9076176,BrC1=CC=C(B(O)O)C=C1,1.5,L3.20,1.5,3.3,dioxane,O=C(/C(C#N)=C/C1=CC=C(OC)C=C1)OC,20,1,92
76,2,-0.01,0,0,-0.01,0,0,0,1,258.1408506,76.88830503,153.7766101,153.7766101,0,0,0,76.88830503,0,0,32.69197045,258.3586561,1,[Rh(C2H4)2Cl]2,17.93806496,0,18.41987461,13.6490287,Lam,153.9076176,BrC1=CC=C(B(O)O)C=C1,1.5,L3.20,1.5,3.3,dioxane,O=C(/C(C#N)=C/C1=CC=C(Cl)C=C1)OC,20,1,90
77,2,-0.01,0,0,-0.01,0,0,0,1,258.1408506,76.88830503,153.7766101,153.7766101,0,0,0,76.88830503,0,0,32.69197045,258.3586561,1,[Rh(C2H4)2Cl]2,17.93806496,0,23.54607256,13.6490287,Lam,134.6239983,OB(C1=CC=CC=C1)O,1.5,L3.20,1.5,3.3,dioxane,O=C(/C(C#N)=C/C1=CC=CC=C1C)OC,20,1,92
78,1,-0.01,0,0,-0.01,0,0,0,1,258.1408506,76.88830503,153.7766101,153.7766101,0,0,0,76.88830503,0,0,32.69197045,258.3586561,1,[Rh(C2H4)2Cl]2,17.93806496,0,24.39278577,0,Lam,134.6239983,OB(C1=CC=CC=C1)O,1.5,L3.20,1.5,3.3,dioxane,O=C(/C(C#N)=C/C1=CC(C)=CC=C1OCOC)OC,30,2,96
79,1,-0.01,0,0,-0.01,0,0,0,1,258.1408506,76.88830503,153.7766101,153.7766101,0,0,0,76.88830503,0,0,32.69197045,258.3586561,1,[Rh(C2H4)2Cl]2,17.93806496,0,24.11007225,13.6490287,Lam,134.6239983,OB(C1=CC=CC=C1)O,1.5,L3.20,1.5,3.3,dioxane,O=C(/C(C#N)=C/C1=CC(C)=CC=C1OCC2=CC=CC=C2)OC,30,2,97
80,1,-0.01,0,0,-0.01,0,0,0,1,258.1408506,76.88830503,153.7766101,153.7766101,0,0,0,76.88830503,0,0,32.69197045,258.3586561,1,[Rh(C2H4)2Cl]2,17.93806496,0,19.59047818,13.6490287,Lam,134.6239983,OB(C1=CC=CC=C1)O,1.5,L3.20,1.5,3.3,dioxane,O=C(/C(C#N)=C/C1=CC=C(C=CC=C2)C2=C1)OC,20,1,91
81,15,-0.01,0,0,-0.01,0,0,0,1,258.1408506,76.88830503,153.7766101,153.7766101,0,0,0,76.88830503,0,0,32.69197045,258.3586561,1,[Rh(C2H4)2Cl]2,20.52673517,0,21.5742147,0,Lam,134.6239983,OB(C1=CC=CC=C1)O,2,L3.20,1.5,3.3,dioxane/H2O,O=C(/C=C/C)N(C)OC,50,20,75
82,24,-0.01,0,0,-0.01,0,0,0,1,258.1408506,76.88830503,153.7766101,153.7766101,0,0,0,76.88830503,0,0,32.69197045,258.3586561,1,[Rh(C2H4)2Cl]2,13.6490287,0,17.16241953,0,Lam,134.6239983,OB(C1=CC=CC=C1)O,1.5,L3.20,1.5,3.3,dioxane,COC1=CC=C(/C=C/C#N)C=C1,20,1,74
83,96,0.04,0,0,0,0,0,0,1,374.1518092,126.4242704,252.8485409,252.8485409,0,0,0,126.4242704,0,0,32.69197045,357.4305869,1,[Rh(C2H4)2Cl]2,22.51198396,0,18.15163112,0,Lam,134.6239983,OB(C1=CC=CC=C1)O,2,L3.21,1.5,3.3,dioxane/H2O,CC(/C=C/CCCCC)=O,25,3,99
84,91.5,0,0,0,0,0,0,0,1,438.2042387,155.1469416,310.2938831,310.2938831,0,0,0,155.1469416,0,0,32.69197045,414.8759291,1,[Rh(C2H4)2Cl]2,22.51198396,0,18.15163112,0,Lam,134.6239983,OB(C1=CC=CC=C1)O,2,L3.22,1.5,3.3,dioxane/H2O,CC(/C=C/CCCCC)=O,25,3,98
85,0.5,-0.09,0,0,-0.09,0,0,0,1,286.1721507,94.18429025,188.3685805,188.3685805,0,0,0,94.18429025,0,0,32.69197045,292.9506265,1,[Rh(C2H4)2Cl]2,22.51198396,0,47.85432862,0,Lam,134.6239983,OB(O)C1=CC=CC=C1,1.5,L3.23,1.5,3.3,dioxane,CC(/C=C/[Si](C)(C(C)(C)C)C)=O,50,6,95
86,0.5,-0.09,0,0,-0.09,0,0,0,1,286.1721507,94.18429025,188.3685805,188.3685805,0,0,0,94.18429025,0,0,32.69197045,292.9506265,1,[Rh(C2H4)2Cl]2,22.51198396,0,29.3978241,0,Lam,134.6239983,OB(O)C1=CC=CC=C1,1.5,L3.23,1.5,3.3,dioxane,CC(/C=C/[Si](C)(C)C1=CC=CC=C1)=O,50,6,94
87,3.5,-0.09,0,0,-0.09,0,0,0,1,286.1721507,94.18429025,188.3685805,188.3685805,0,0,0,94.18429025,0,0,32.69197045,292.9506265,1,[Rh(C2H4)2Cl]2,22.51198396,0,29.3978241,0,Lam,151.9199836,OB(O)C1=C(C)C=CC=C1,1.5,L3.23,1.5,3.3,dioxane,CC(/C=C/[Si](C)(C)C1=CC=CC=C1)=O,50,6,90
88,2.5,-0.09,0,0,-0.09,0,0,0,1,286.1721507,94.18429025,188.3685805,188.3685805,0,0,0,94.18429025,0,0,32.69197045,292.9506265,1,[Rh(C2H4)2Cl]2,22.51198396,0,29.3978241,0,Lam,149.8350664,ClC1=CC(B(O)O)=CC=C1,1.5,L3.23,1.5,3.3,dioxane,CC(/C=C/[Si](C)(C)C1=CC=CC=C1)=O,50,6,92
89,2.5,-0.09,0,0,-0.09,0,0,0,1,286.1721507,94.18429025,188.3685805,188.3685805,0,0,0,94.18429025,0,0,32.69197045,292.9506265,1,[Rh(C2H4)2Cl]2,22.51198396,0,29.3978241,0,Lam,170.1226604,FC(C1=CC=C(B(O)O)C=C1)(F)F,1.5,L3.23,1.5,3.3,dioxane,CC(/C=C/[Si](C)(C)C1=CC=CC=C1)=O,50,6,94
90,2,-0.09,0,0,-0.09,0,0,0,1,286.1721507,94.18429025,188.3685805,188.3685805,0,0,0,94.18429025,0,0,32.69197045,292.9506265,1,[Rh(C2H4)2Cl]2,22.51198396,0,29.3978241,0,Lam,160.7102105,COC1=CC=C(B(O)O)C=C1,1.5,L3.23,1.5,3.3,dioxane,CC(/C=C/[Si](C)(C)C1=CC=CC=C1)=O,50,6,95
91,3.5,-0.09,0,0,-0.09,0,0,0,1,286.1721507,94.18429025,188.3685805,188.3685805,0,0,0,94.18429025,0,0,32.69197045,292.9506265,1,[Rh(C2H4)2Cl]2,22.51198396,0,29.3978241,0,Lam,175.2785624,OB(C1=CC=C2C=CC=CC2=C1)O,1.5,L3.23,1.5,3.3,dioxane,CC(/C=C/[Si](C)(C)C1=CC=CC=C1)=O,50,6,96
92,1.5,-0.09,0,0,-0.09,0,0,0,1,286.1721507,94.18429025,188.3685805,188.3685805,0,0,0,94.18429025,0,0,32.69197045,292.9506265,1,[Rh(C2H4)2Cl]2,22.51198396,0,51.52346023,0,Lam,134.6239983,OB(O)C1=CC=CC=C1,1.5,L3.23,2.5,5.5,dioxane,CC(/C=C/[Si](C1=CC=CC=C1)(C2=CC=CC=C2)C3=CC=CC=C3)=O,50,12,91
93,1,-0.09,0,0,-0.09,0,0,0,1,286.1721507,94.18429025,188.3685805,188.3685805,0,0,0,94.18429025,0,0,32.69197045,292.9506265,1,[Rh(C2H4)2Cl]2,20.77331772,0,29.3978241,0,Lam,134.6239983,OB(O)C1=CC=CC=C1,1.5,L3.23,1.5,3.3,dioxane,CCC(/C=C/[Si](C)(C)C1=CC=CC=C1)=O,50,6,89
94,4.2,-0.09,0,0,-0.09,0,0,0,1,286.1721507,94.18429025,188.3685805,188.3685805,0,0,0,94.18429025,0,0,32.69197045,292.9506265,1,[Rh(C2H4)2Cl]2,20.06761165,0,29.3978241,0,Lam,152.7447171,O=C1C=CCC/C1=C(C)\C,1.5,L3.23,1.5,3.3,dioxane/H2O,O=C(/C=C/[Si](C)(C1=CC=CC=C1)C)C2=CC=CC=C2,50,6,94
95,2.5,-0.09,0,0,-0.09,0,0,0,1,286.1721507,94.18429025,188.3685805,188.3685805,0,0,0,94.18429025,0,0,32.69197045,292.9506265,1,[Rh(C2H4)2Cl]2,17.77754503,0,29.3978241,0,Lam,134.6239983,OB(C1=CC=CC=C1)O,1.5,L3.23,1.5,3.3,dioxane/H2O,CCOC(/C=C/[Si](C)(C)C1=CC=CC=C1)=O,50,6,88
96,95,0,0,-0.09,0,-0.09,-0.09,0,1,286.1721507,0,0,0,0,94.18429025,188.3685805,0,0,94.18429025,32.69197045,292.9506265,0,[Rh(C2H4)2Cl]2,20.52673517,0,21.5742147,0,Lam,134.6239983,OB(C1=CC=CC=C1)O,2,L3.25,1.5,3.3,dioxane/H2O,O=C(/C=C/C)N(C)OC,50,20,92
97,94.5,0,0,-0.09,0,-0.09,-0.09,0,1,286.1721507,0,0,0,0,94.18429025,188.3685805,0,0,94.18429025,32.69197045,292.9506265,0,[Rh(C2H4)2Cl]2,20.52673517,0,21.5742147,0,Lam,151.9199836,CC(C=C1)=CC=C1B(O)O,2,L3.25,1.5,3.3,dioxane/H2O,O=C(/C=C/C)N(C)OC,50,20,83
98,93.5,0,0,-0.09,0,-0.09,-0.09,0,1,286.1721507,0,0,0,0,94.18429025,188.3685805,0,0,94.18429025,32.69197045,292.9506265,0,[Rh(C2H4)2Cl]2,20.52673517,0,21.5742147,0,Lam,160.7102105,COC(C=C1)=CC=C1B(O)O,2,L3.25,1.5,3.3,dioxane/H2O,O=C(/C=C/C)N(C)OC,50,20,93
99,96,0,0,-0.09,0,-0.09,-0.09,0,1,286.1721507,0,0,0,0,94.18429025,188.3685805,0,0,94.18429025,32.69197045,292.9506265,0,[Rh(C2H4)2Cl]2,20.52673517,0,21.5742147,0,Lam,169.2159688,CC1=CC(C)=CC(B(O)O)=C1,2,L3.25,1.5,3.3,dioxane/H2O,O=C(/C=C/C)N(C)OC,50,20,84
100,94.5,0,0,-0.09,0,-0.09,-0.09,0,1,286.1721507,0,0,0,0,94.18429025,188.3685805,0,0,94.18429025,32.69197045,292.9506265,0,[Rh(C2H4)2Cl]2,20.52673517,0,21.5742147,0,Lam,175.2785624,OB(C1=CC=C(C=CC=C2)C2=C1)O,2,L3.25,1.5,3.3,dioxane/H2O,O=C(/C=C/C)N(C)OC,50,20,83
101,92.5,0,0,-0.09,0,-0.09,-0.09,0,1,286.1721507,0,0,0,0,94.18429025,188.3685805,0,0,94.18429025,32.69197045,292.9506265,0,[Rh(C2H4)2Cl]2,19.84482684,0,21.5742147,0,Lam,134.6239983,OB(C1=CC=CC=C1)O,2,L3.25,1.5,3.3,dioxane/H2O,O=C(/C=C/C)N1C=CC=C1,50,20,92
102,96,0,0,-0.09,0,-0.09,-0.09,0,1,286.1721507,0,0,0,0,94.18429025,188.3685805,0,0,94.18429025,32.69197045,292.9506265,0,[Rh(C2H4)2Cl]2,18.37582915,0,21.5742147,0,Lam,134.6239983,OB(C1=CC=CC=C1)O,2,L3.25,1.5,3.3,dioxane/H2O,O=C(/C=C/C)NCC1=CC=CC=C1,50,20,92
103,93.5,0,0,-0.09,0,-0.09,-0.09,0,1,286.1721507,0,0,0,0,94.18429025,188.3685805,0,0,94.18429025,32.69197045,292.9506265,0,[Rh(C2H4)2Cl]2,20.52673517,0,18.72206172,0,Lam,134.6239983,OB(C1=CC=CC=C1)O,2,L3.25,1.5,3.3,dioxane/H2O,CON(C)C(/C=C/CCC)=O,50,20,86
104,93,0,0,-0.09,0,-0.09,-0.09,0,1,286.1721507,0,0,0,0,94.18429025,188.3685805,0,0,94.18429025,32.69197045,292.9506265,0,[Rh(C2H4)2Cl]2,20.52673517,0,28.08309257,0,Lam,134.6239983,OB(C1=CC=CC=C1)O,2,L3.25,1.5,3.3,dioxane/H2O,CON(C)C(/C=C/C(C)C)=O,50,20,74
105,90,0,0,-0.09,0,-0.09,-0.09,0,1,286.1721507,0,0,0,0,94.18429025,188.3685805,0,0,94.18429025,32.69197045,292.9506265,0,[Rh(C2H4)2Cl]2,20.52673517,0,17.16241953,0,Lam,134.6239983,OB(C1=CC=CC=C1)O,2,L3.25,1.5,3.3,dioxane/H2O,CON(C)C(/C=C/C1=CC=C(OC)C=C1)=O,50,20,91
106,16.5,-0.01,-0.17,0,-0.01,-0.17,0,0,1,286.1721507,76.88830503,153.7766101,153.7766101,21.5742147,0,0,76.88830503,21.5742147,0,32.69197045,292.9506265,1,[Rh(C2H4)2Cl]2,20.77331772,0,21.5742147,0,Lam,134.6239983,OB(O)C1=CC=CC=C1,1.2,L3.26,0.9,2,DCM,CCC(/C=C/C)=O,25,1,99
107,24,-0.01,-0.17,0,-0.01,-0.17,0,0,1,286.1721507,76.88830503,153.7766101,153.7766101,21.5742147,0,0,76.88830503,21.5742147,0,32.69197045,292.9506265,1,[Rh(C2H4)2Cl]2,22.51198396,0,18.15163112,0,Lam,134.6239983,OB(C1=CC=CC=C1)O,1.2,L3.26,0.9,2,MeOH/CH2Cl2,CC(/C=C/CCCCC)=O,25,1,99
108,2.5,0,-0.17,0,0,-0.17,0,0,1,558.1216892,147.8856292,295.7712584,295.7712584,21.5742147,0,0,147.8856292,21.5742147,0,32.69197045,434.9452748,1,[Rh(C2H4)2Cl]2,20.77331772,0,21.5742147,0,Lam,134.6239983,OB(O)C1=CC=CC=C1,2,L3.28,0.9,2,DCM,CCC(/C=C/C)=O,30,3,99
109,1.5,0,-0.17,0,0,-0.17,0,0,1,558.1216892,147.8856292,295.7712584,295.7712584,21.5742147,0,0,147.8856292,21.5742147,0,32.69197045,434.9452748,1,[Rh(C2H4)2Cl]2,22.51198396,0,18.15163112,0,Lam,134.6239983,OB(C1=CC=CC=C1)O,2,L3.28,0.9,2,MeOH/CH2Cl2,CC(/C=C/CCCCC)=O,30,3,99
110,25.5,0,0,0,0,-0.17,0,0,1,466.2355388,155.1469416,310.2938831,310.2938831,21.5742147,0,0,155.1469416,21.5742147,0,32.69197045,449.4678996,1,[Rh(C2H4)2Cl]2,22.51198396,0,18.15163112,0,Lam,134.6239983,OB(C1=CC=CC=C1)O,2,L3.29,1.5,3.3,dioxane/H2O,CC(/C=C/CCCCC)=O,25,3,99
111,16.5,-0.01,0,0,-0.01,0,0,0,1,318.1619799,76.88830503,153.7766101,153.7766101,30.36444165,0,0,76.88830503,30.36444165,0,32.69197045,310.5310804,1,[Rh(C2H4)2Cl]2,22.51198396,0,18.15163112,0,Lam,134.6239983,OB(C1=CC=CC=C1)O,2,L3.30,1.5,3.3,dioxane/H2O,CC(/C=C/CCCCC)=O,25,3,98
112,21.5,-0.01,0,0,-0.01,0,0,0,1,346.1932801,76.88830503,153.7766101,153.7766101,47.66042687,0,0,76.88830503,47.66042687,0,32.69197045,345.1230509,1,[Rh(C2H4)2Cl]2,22.51198396,0,18.15163112,0,Lam,134.6239983,OB(C1=CC=CC=C1)O,2,L3.31,1.5,3.3,dioxane/H2O,CC(/C=C/CCCCC)=O,25,3,98
113,12.75,-0.01,0.45,0,-0.01,0.45,0,0,1,374.1518092,76.88830503,153.7766101,153.7766101,53.81419488,0,0,76.88830503,53.81419488,0,32.69197045,357.4305869,1,[Rh(C2H4)2Cl]2,22.51198396,0,18.15163112,0,Lam,134.6239983,OB(C1=CC=CC=C1)O,2,L3.32,0.9,2,MeOH/CH2Cl2,CC(/C=C/CCCCC)=O,30,3,95
114,13.5,-0.01,0.45,0,-0.01,0.45,0,0,1,402.1831093,94.18429025,188.3685805,188.3685805,53.81419488,0,0,94.18429025,53.81419488,0,32.69197045,392.0225573,1,[Rh(C2H4)2Cl]2,22.51198396,0,18.15163112,0,Lam,134.6239983,OB(C1=CC=CC=C1)O,2,L3.33,0.9,2,MeOH/CH2Cl2,CC(/C=C/CCCCC)=O,30,3,98
115,7.625,0,0.45,0,0,0.45,0,0,1,510.1265784,112.3869671,224.7739342,224.7739342,53.81419488,0,0,112.3869671,53.81419488,0,32.69197045,428.427911,1,[Rh(C2H4)2Cl]2,22.51198396,0,18.15163112,0,Lam,134.6239983,OB(C1=CC=CC=C1)O,2,L3.34,0.9,2,MeOH/CH2Cl2,CC(/C=C/CCCCC)=O,30,3,93
116,12.5,0,0.45,0,0,0.45,0,0,1,434.1729386,102.9745172,205.9490344,205.9490344,53.81419488,0,0,102.9745172,53.81419488,0,32.69197045,409.6030112,1,[Rh(C2H4)2Cl]2,22.51198396,0,18.15163112,0,Lam,134.6239983,OB(C1=CC=CC=C1)O,2,L3.36,0.9,2,MeOH/CH2Cl2,CC(/C=C/CCCCC)=O,30,3,99
117,14.75,-0.09,0.45,0,-0.09,0.45,0,0,1,430.2144094,111.4802755,222.9605509,222.9605509,53.81419488,0,0,111.4802755,53.81419488,0,32.69197045,426.6145278,1,[Rh(C2H4)2Cl]2,22.51198396,0,18.15163112,0,Lam,134.6239983,OB(C1=CC=CC=C1)O,2,L3.37,0.9,2,MeOH/CH2Cl2,CC(/C=C/CCCCC)=O,30,3,96
118,6.25,0,0.45,0,0,0.45,0,0,1,646.1013477,147.8856292,295.7712584,295.7712584,53.81419488,0,0,147.8856292,53.81419488,0,32.69197045,499.4252352,1,[Rh(C2H4)2Cl]2,22.51198396,0,18.15163112,0,Lam,134.6239983,OB(C1=CC=CC=C1)O,2,L3.38,0.9,2,MeOH/CH2Cl2,CC(/C=C/CCCCC)=O,30,3,43
119,14,0,0.45,0,0,0.45,0,0,1,554.2151973,155.1469416,310.2938831,310.2938831,53.81419488,0,0,155.1469416,53.81419488,0,32.69197045,513.9478599,1,[Rh(C2H4)2Cl]2,22.51198396,0,18.15163112,0,Lam,134.6239983,OB(C1=CC=CC=C1)O,2,L3.39,1.5,3.3,dioxane/H2O,CC(/C=C/CCCCC)=O,25,3,98
120,15,0,0,0,0,-0.17,0,-0.27,1,296.2140155,0,0,0,0,0,146.0722459,0,21.5742147,146.0722459,76.07416785,315.610704,0.5,[Rh(C2H4)2Cl]2,20.21646842,0,18.72206172,0,Lam,234.8336777,CC1(C)OB(C2=CC=CC=C2O)OC1(C)C,2,L3.47,5,10,dioxane/H2O,ClC1=CC(C(F)(F)F)=CN=C1/C=C/CCC,80,16,73
121,7,0,0,0,0,0,0,0,1,270.1619799,180.948685,180.948685,180.948685,0,0,0,0,0,0,20.25598522,276.3129753,0.5,[Rh(C2H4)2Cl]2,22.51198396,0,18.15163112,0,Lam,134.6239983,OB(C1=CC=CC=C1)O,2,L3.5,1.5,3.3,dioxane/H2O,CC(/C=C/CCCCC)=O,25,2,74
122,95,0,0,0,0,-0.17,0,-0.27,1,268.1827154,0,0,0,0,0,111.4802755,0,21.5742147,111.4802755,76.07416785,281.0187336,0.5,[Rh(C2H4)2Cl]2,26.97717105,0,18.72206172,0,Lam,134.6239983,OB(C1=CC=CC=C1)O,2,L3.52,1,2.2,MeOH/CH2Cl2,CC(C)(C)NC(/C=C/CCC)=O,25,1,40
123,95,0.07,0,0,-0.12,-0.17,0,-0.27,1,246.1983655,36.23374097,109.6959113,109.6959113,0,0,0,73.46217037,21.5742147,0,76.07416785,274.95614,0.5,[Rh(C2H4)2Cl]2,22.51198396,0,19.22207626,0,Lam,160.7102105,OB(C1=CC=C(OC)C=C1)O,2,L3.63,1.5,3.3,dioxane/H2O,CC(/C=C/C1=CC=CC=C1)=O,25,0.1,68
124,94.5,0.07,0,0,-0.12,-0.17,0,-0.27,1,246.1983655,36.23374097,109.6959113,109.6959113,0,0,0,73.46217037,21.5742147,0,76.07416785,274.95614,0.5,[Rh(C2H4)2Cl]2,22.51198396,0,21.5742147,0,Lam,166.5795098,OB(/C=C/C1=CC=CC=C1)O,2,L3.63,1.5,3.3,dioxane/H2O,CC(/C=C/C)=O,25,1,78
125,94,0.07,0,0,-0.12,-0.17,0,-0.27,1,246.1983655,36.23374097,109.6959113,109.6959113,0,0,0,73.46217037,21.5742147,0,76.07416785,274.95614,0.5,[Rh(C2H4)2Cl]2,17.93806496,0,21.5742147,0,Lam,134.6239983,OB(C1=CC=CC=C1)O,2,L3.63,1.5,3.3,dioxane/H2O,COC(/C=C/C)=O,25,1,93
126,4.5,-0.09,0,0,-0.12,-0.17,0,-0.27,1,310.2296656,94.18429025,167.6464606,167.6464606,0,0,0,73.46217037,21.5742147,0,76.07416785,332.9066892,0.5,[Rh(C2H4)2Cl]2,22.51198396,0,18.15163112,0,Lam,134.6239983,OB(C1=CC=CC=C1)O,2,L3.64,1.5,3.3,dioxane/H2O,CC(/C=C/CCCCC)=O,25,3,99
127,91.5,0,0,0.07,0,-0.17,-0.12,-0.27,1,246.1983655,0,0,0,0,36.23374097,109.6959113,0,21.5742147,73.46217037,76.07416785,274.95614,0.5,[Rh(C2H4)2Cl]2,27.7279827,0,19.22207626,0,Lam,160.7102105,COC1=CC=C(B(O)O)C=C1,2,L3.69,1.5,3.3,dioxane/H2O,[H]C(/C=C/C1=CC=CC=C1)=O,50,1.25,50
128,96.5,0,0,-0.09,0,-0.17,-0.12,-0.27,1,310.2296656,0,0,0,0,94.18429025,167.6464606,0,21.5742147,73.46217037,76.07416785,332.9066892,0.5,[Rh(C2H4)2Cl]2,27.7279827,0,17.90767349,0,Lam,134.6239983,OB(C1=CC=CC=C1)O,1.5,L3.70,1.5,3.3,MeOH/H2O,[H]C(/C=C/C1=CC=CO1)=O,50,1.25,63
129,94.5,0,0,-0.09,0,-0.17,-0.12,-0.27,1,310.2296656,0,0,0,0,94.18429025,167.6464606,0,21.5742147,73.46217037,76.07416785,332.9066892,0.5,[Rh(C2H4)2Cl]2,27.7279827,0,19.22207626,0,Lam,184.1599637,O=C(OC)C1=CC=CC(B(O)O)=C1,2,L3.70,1.5,3.3,MeOH/H2O,[H]C(/C=C/C1=CC=CC=C1)=O,50,22,70
130,95.5,0,0,-0.09,0,-0.17,-0.12,-0.27,1,310.2296656,0,0,0,0,94.18429025,167.6464606,0,21.5742147,73.46217037,76.07416785,332.9066892,0.5,[Rh(C2H4)2Cl]2,27.7279827,0,19.22207626,0,Lam,170.1226604,OB(C1=CC(C(F)(F)F)=CC=C1)O,2,L3.70,1.5,3.3,MeOH/H2O,[H]C(/C=C/C1=CC=CC=C1)=O,50,2.5,85
131,96,0,0,-0.09,0,-0.17,-0.12,-0.27,1,310.2296656,0,0,0,0,94.18429025,167.6464606,0,21.5742147,73.46217037,76.07416785,332.9066892,0.5,[Rh(C2H4)2Cl]2,27.7279827,0,19.22207626,0,Lam,160.7102105,COC1=CC=C(B(O)O)C=C1,2,L3.70,1.5,3.3,dioxane/H2O,[H]C(/C=C/C1=CC=CC=C1)=O,50,1.25,43
132,96.5,0,0,-0.09,0,-0.17,-0.12,-0.27,1,310.2296656,0,0,0,0,94.18429025,167.6464606,0,21.5742147,73.46217037,76.07416785,332.9066892,0.5,[Rh(C2H4)2Cl]2,27.7279827,0,19.22207626,0,Lam,140.6915573,FC1=CC=C(B(O)O)C=C1,1.5,L3.70,1.5,3.3,MeOH/H2O,[H]C(/C=C/C1=CC=CC=C1)=O,50,1.25,90
133,95.5,0,0,-0.09,0,-0.17,-0.12,-0.27,1,310.2296656,0,0,0,0,94.18429025,167.6464606,0,21.5742147,73.46217037,76.07416785,332.9066892,0.5,[Rh(C2H4)2Cl]2,27.7279827,0,25.7436293,0,Lam,134.6239983,OB(C1=CC=CC=C1)O,1.2,L3.70,1.5,3.3,MeOH/H2O,[H]C(/C=C/C1=CC=CC=C1OC)=O,50,4,76
134,96.5,0,0,-0.09,0,-0.17,-0.12,-0.27,1,310.2296656,0,0,0,0,94.18429025,167.6464606,0,21.5742147,73.46217037,76.07416785,332.9066892,0.5,[Rh(C2H4)2Cl]2,27.7279827,0,17.16241953,0,Lam,175.3697368,CC(C1=CC=C(B(O)O)C=C1)=O,1.5,L3.70,1.5,3.3,MeOH/H2O,[H]C(/C=C/C1=CC=C(OC)C=C1)=O,50,1.25,78
135,95.5,0,0,-0.09,0,-0.17,-0.12,-0.27,1,310.2296656,0,0,0,0,94.18429025,167.6464606,0,21.5742147,73.46217037,76.07416785,332.9066892,0.5,[Rh(C2H4)2Cl]2,27.7279827,0,16.5911728,0,Lam,134.6239983,OB(C1=CC=CC=C1)O,1.2,L3.70,1.5,3.3,MeOH/H2O,[H]C(/C=C/C1=CC=C(F)C=C1)=O,50,1.25,87
136,95,0,0,-0.09,0,-0.17,-0.12,-0.27,1,310.2296656,0,0,0,0,94.18429025,167.6464606,0,21.5742147,73.46217037,76.07416785,332.9066892,0.5,[Rh(C2H4)2Cl]2,27.7279827,0,24.11007225,0,Lam,134.6239983,OB(C1=CC=CC=C1)O,1.5,L3.70,1.5,3.3,MeOH/H2O,[H]C(/C=C/C1=CC(C)=CC=C1OCC2=CC=CC=C2)=O,50,1.25,78
137,95.5,0,0,-0.09,0,-0.17,-0.12,-0.27,1,310.2296656,0,0,0,0,94.18429025,167.6464606,0,21.5742147,73.46217037,76.07416785,332.9066892,0.5,[Rh(C2H4)2Cl]2,26.42553764,0,17.90767349,0,Lam,175.3697368,CC(C1=CC=C(B(O)O)C=C1)=O,2,L3.70,1.5,3.3,MeOH/H2O,O=C(/C=C/C1=CC=CO1)OC(C)(C)C,50,14,68
138,96,0,0,-0.09,0,-0.17,-0.12,-0.27,1,310.2296656,0,0,0,0,94.18429025,167.6464606,0,21.5742147,73.46217037,76.07416785,332.9066892,0.5,[Rh(C2H4)2Cl]2,26.42553764,0,17.90767349,0,Lam,160.7102105,COC1=CC=C(B(O)O)C=C1,2,L3.70,1.5,3.3,MeOH/H2O,O=C(/C=C/C1=CC=CO1)OC(C)(C)C,50,14,62
139,95,0,0,-0.09,0,-0.17,-0.12,-0.27,1,310.2296656,0,0,0,0,94.18429025,167.6464606,0,21.5742147,73.46217037,76.07416785,332.9066892,0.5,[Rh(C2H4)2Cl]2,26.42553764,0,21.14727267,0,Lam,175.3697368,CC(C1=CC=C(B(O)O)C=C1)=O,1.5,L3.70,1.5,3.3,dioxane/H2O,O=C(/C=C/C1=CC=CS1)OC(C)(C)C,50,14,65
140,96.5,0,0,-0.09,0,-0.17,-0.12,-0.27,1,310.2296656,0,0,0,0,94.18429025,167.6464606,0,21.5742147,73.46217037,76.07416785,332.9066892,0.5,[Rh(C2H4)2Cl]2,26.42553764,0,17.6472701,0,Lam,175.3697368,CC(C1=CC=C(B(O)O)C=C1)=O,2,L3.70,1.5,3.3,dioxane/H2O,O=C(/C=C/C1=CN=CC=C1)OC(C)(C)C,50,14,70
141,96,0,0,-0.09,0,-0.17,-0.12,-0.27,1,310.2296656,0,0,0,0,94.18429025,167.6464606,0,21.5742147,73.46217037,76.07416785,332.9066892,0.5,[Rh(C2H4)2Cl]2,26.42553764,0,19.22207626,0,Lam,170.1226604,OB(C1=C(C(F)(F)F)C=CC=C1)O,2.5,L3.70,1.5,3.3,MeOH/H2O,O=C(/C=C/C1=CC=CC=C1)OC(C)(C)C,50,24,69
142,96,0,0,-0.09,0,-0.17,-0.12,-0.27,1,310.2296656,0,0,0,0,94.18429025,167.6464606,0,21.5742147,73.46217037,76.07416785,332.9066892,0.5,[Rh(C2H4)2Cl]2,26.42553764,0,19.22207626,0,Lam,175.3697368,CC(C1=CC=C(B(O)O)C=C1)=O,1.5,L3.70,1.5,3.3,MeOH/H2O,O=C(/C=C/C1=CC=CC=C1)OC(C)(C)C,50,1.25,76
143,96.25,0,0,-0.09,0,-0.17,-0.12,-0.27,1,310.2296656,0,0,0,0,94.18429025,167.6464606,0,21.5742147,73.46217037,76.07416785,332.9066892,0.5,[Rh(C2H4)2Cl]2,26.42553764,0,19.22207626,0,Lam,160.7102105,COC1=CC=C(B(O)O)C=C1,2,L3.70,1.5,3.3,MeOH/H2O,O=C(/C=C/C1=CC=CC=C1)OC(C)(C)C,50,1.25,85
144,96,0,0,-0.09,0,-0.17,-0.12,-0.27,1,310.2296656,0,0,0,0,94.18429025,167.6464606,0,21.5742147,73.46217037,76.07416785,332.9066892,0.5,[Rh(C2H4)2Cl]2,26.42553764,0,25.70726514,0,Lam,134.6239983,OB(C1=CC=CC=C1)O,2,L3.70,1.5,3.3,MeOH/H2O,O=C(/C=C/C1=CC=CC=C1[N+]([O-])=O)OC(C)(C)C,50,1.25,78
145,96,0,0,-0.09,0,-0.17,-0.12,-0.27,1,310.2296656,0,0,0,0,94.18429025,167.6464606,0,21.5742147,73.46217037,76.07416785,332.9066892,0.5,[Rh(C2H4)2Cl]2,26.42553764,0,25.70726514,0,Lam,160.7102105,COC1=CC=C(B(O)O)C=C1,2,L3.70,1.5,3.3,MeOH/H2O,O=C(/C=C/C1=CC=CC=C1[N+]([O-])=O)OC(C)(C)C,50,1.25,84
146,97,0,0,-0.09,0,-0.17,-0.12,-0.27,1,310.2296656,0,0,0,0,94.18429025,167.6464606,0,21.5742147,73.46217037,76.07416785,332.9066892,0.5,[Rh(C2H4)2Cl]2,26.42553764,0,20.73896599,0,Lam,134.6239983,OB(C1=CC=CC=C1)O,2,L3.70,1.5,3.3,MeOH/H2O,O=C(/C=C/C1=CC=CC(F)=C1)OC(C)(C)C,50,1.5,95
147,96.5,0,0,-0.09,0,-0.17,-0.12,-0.27,1,310.2296656,0,0,0,0,94.18429025,167.6464606,0,21.5742147,73.46217037,76.07416785,332.9066892,0.5,[Rh(C2H4)2Cl]2,26.42553764,0,20.73896599,0,Lam,160.7102105,COC1=CC=C(B(O)O)C=C1,2,L3.70,1.5,3.3,MeOH/H2O,O=C(/C=C/C1=CC=CC(F)=C1)OC(C)(C)C,50,2,93
148,95.5,0,0,-0.09,0,-0.17,-0.12,-0.27,1,310.2296656,0,0,0,0,94.18429025,167.6464606,0,21.5742147,73.46217037,76.07416785,332.9066892,0.5,[Rh(C2H4)2Cl]2,26.42553764,0,17.16241953,0,Lam,134.6239983,OB(C1=CC=CC=C1)O,2,L3.70,1.5,3.3,MeOH/H2O,O=C(/C=C/C1=CC=C(OC)C=C1)OC(C)(C)C,50,18.5,95
149,74,0,0,-0.16,0,-0.17,-0.01,-0.27,1,266.1670653,0,0,0,0,36.23374097,113.122046,0,21.5742147,76.88830503,76.07416785,278.3822746,0.5,[Rh(C2H4)2Cl]2,27.7279827,0,19.22207626,0,Lam,160.7102105,COC1=CC=C(B(O)O)C=C1,2,L3.71,1.5,3.3,dioxane/H2O,[H]C(/C=C/C1=CC=CC=C1)=O,50,1.25,43
150,59.5,0,0,-0.16,0,-0.17,-0.01,-0.27,1,266.1670653,0,0,0,0,36.23374097,113.122046,0,21.5742147,76.88830503,76.07416785,278.3822746,0.5,[Rh(C2H4)2Cl]2,17.77754503,0,19.22207626,0,Lam,160.7102105,COC1=CC=C(B(O)O)C=C1,2,L3.71,1.5,3.3,dioxane/H2O,O=C(/C=C/C1=CC=CC=C1)OCC,50,18,71
151,95.5,0,0,-0.16,0,-0.17,-0.01,-0.27,1,266.1670653,0,0,0,0,36.23374097,113.122046,0,21.5742147,76.88830503,76.07416785,278.3822746,0.5,[Rh(C2H4)2Cl]2,18.06061006,0,19.22207626,0,Lam,160.7102105,COC1=CC=C(B(O)O)C=C1,2,L3.71,1.5,3.3,dioxane/H2O,O=C(/C=C/C1=CC=CC=C1)OCC2=CC=CC=C2,50,18,85
152,80,0,0,-0.09,0,-0.17,-0.01,-0.27,1,330.1983655,0,0,0,0,94.18429025,171.0725953,0,21.5742147,76.88830503,76.07416785,336.3328239,0.5,[Rh(C2H4)2Cl]2,27.7279827,0,19.22207626,0,Lam,160.7102105,COC1=CC=C(B(O)O)C=C1,2,L3.72,1.5,3.3,dioxane/H2O,[H]C(/C=C/C1=CC=CC=C1)=O,50,1.25,45
153,0.3,0,0,0,-0.17,0,0,-0.15,1,220.1827154,64.9564121,86.53062679,86.53062679,0,0,0,21.5742147,0,0,84.57992612,243.0006285,0.5,[Rh(C2H4)2Cl]2,22.51198396,0,29.3978241,0,Lam,134.6239983,OB(O)C1=CC=CC=C1,1.5,L3.74,1.5,3.3,dioxane,CC(/C=C/[Si](C)(C)C1=CC=CC=C1)=O,50,3,97
154,3.6,0,0,0,-0.17,0,0,-0.15,1,220.1827154,64.9564121,86.53062679,86.53062679,0,0,0,21.5742147,0,0,84.57992612,243.0006285,0.5,[Rh(C2H4)2Cl]2,22.51198396,0,28.08309257,0,Lam,134.6239983,OB(C1=CC=CC=C1)O,1.5,L3.74,1.5,3.3,dioxane/H2O,CC(/C=C/C(C)C)=O,30,3,84
155,97.5,0,0,0,-0.17,0,0,-0.15,1,220.1827154,64.9564121,86.53062679,86.53062679,0,0,0,21.5742147,0,0,84.57992612,243.0006285,0.5,PI/CB Rh/Ag 8,22.51198396,0,18.15163112,0,Lam,134.6239983,OB(C1=CC=CC=C1)O,2,L3.74,1.5,2,toluene/H2O,CC(/C=C/CCCCC)=O,100,12,83
156,96,0,0,0,-0.17,0,0,-0.15,1,220.1827154,64.9564121,86.53062679,86.53062679,0,0,0,21.5742147,0,0,84.57992612,243.0006285,0.5,PI/CB Rh/Ag 15,20.06761165,0,21.5742147,0,Lam,134.6239983,OB(C1=CC=CC=C1)O,2,L3.74,1.5,2,toluene/H2O,C/C=C/C(C1=CC=CC=C1)=O,100,12,72
157,97,0,0,0,-0.17,0,0,-0.15,1,220.1827154,64.9564121,86.53062679,86.53062679,0,0,0,21.5742147,0,0,84.57992612,243.0006285,0.5,PI/CB Rh/Ag 15,20.06761165,0,18.72206172,0,Lam,134.6239983,OB(C1=CC=CC=C1)O,2,L3.74,1.5,2,toluene/H2O,O=C(/C=C/CCC)C1=CC=CC=C1,100,18,88
158,5,0.44,0,0,-0.17,0,0,-0.15,1,332.17763,149.7828493,171.357064,171.357064,0,0,0,21.5742147,0,0,84.57992612,327.8270656,0.5,[Rh(C2H4)2Cl]2,20.21646842,0,18.72206172,0,Lam,234.8336777,CC1(C)OB(C2=CC=CC=C2O)OC1(C)C,2,L3.80,5,10,dioxane/H2O,ClC1=CC(C(F)(F)F)=CN=C1/C=C/CCC,80,16,41
159,98,0.44,0,0,-0.17,0,0,-0.15,1,332.17763,149.7828493,171.357064,171.357064,0,0,0,21.5742147,0,0,84.57992612,327.8270656,0.5,PI/CB RhAg 15,20.77331772,0,21.5742147,0,Lam,134.6239983,OB(O)C1=CC=CC=C1,2,L3.81,1.5,2,toluene,CCC(/C=C/C)=O,100,12,82
160,6.5,0.36,0,0,-0.17,0,0,-0.15,1,289.2405646,142.5006546,164.0748693,164.0748693,0,0,0,21.5742147,0,0,84.57992612,320.544871,0.5,[Rh(C2H4)2Cl]2,17.13817676,0,18.58004591,0,Lam,134.6239983,OB(C1=CC=CC=C1)O,2.4,L3.82,2.5,6,dioxane/H2O,O=[N+](C1=CC=C(/C=C/CCC2=CC=CC=C2)C=C1)[O-],80,0.5,84
161,2.5,0.36,0,0,-0.17,0,0,-0.15,1,287.2249145,130.1441957,151.7184104,151.7184104,0,0,0,21.5742147,0,0,84.57992612,308.1884121,0.5,[Rh(C2H4)2Cl]2,17.13817676,0,18.58004591,0,Lam,134.6239983,OB(C1=CC=CC=C1)O,2.4,L3.83,2.5,6,dioxane/H2O,O=[N+](C1=CC=C(/C=C/CCC2=CC=CC=C2)C=C1)[O-],80,0.5,24
162,5,0.36,0,0,-0.17,0,0,-0.15,1,295.1936144,128.6308041,150.2050188,150.2050188,0,0,0,21.5742147,0,0,84.57992612,306.6750204,0.5,[Rh(C2H4)2Cl]2,17.13817676,0,18.58004591,0,Lam,134.6239983,OB(C1=CC=CC=C1)O,2.4,L3.84,2.5,6,dioxane/H2O,O=[N+](C1=CC=C(/C=C/CCC2=CC=CC=C2)C=C1)[O-],80,0.5,44
163,4.5,0.36,0,0,-0.17,0,0,-0.15,1,385.2405646,218.5368649,240.1110795,240.1110795,0,0,0,21.5742147,0,0,84.57992612,396.5810812,0.5,[Rh(C2H4)2Cl]2,16.08830599,0,18.36554259,0,Lam,134.6239983,OB(C1=CC=CC=C1)O,2.4,L3.85,2.5,6,dioxane/H2O,CCCC/C=C/C1=NC=C([N+]([O-])=O)C=C1,80,0.5,91
164,2.5,0.36,0,0,-0.17,0,0,-0.15,1,385.2405646,218.5368649,240.1110795,240.1110795,0,0,0,21.5742147,0,0,84.57992612,396.5810812,0.5,[Rh(C2H4)2Cl]2,20.21646842,0,18.72206172,0,Lam,234.8336777,CC1(C)OB(C2=CC=CC=C2O)OC1(C)C,2,L3.85,5,10,dioxane/H2O,ClC1=CC(C(F)(F)F)=CN=C1/C=C/CCC,80,16,72
165,2.5,0.36,0,0,-0.17,0,0,-0.15,1,385.2405646,218.5368649,240.1110795,240.1110795,0,0,0,21.5742147,0,0,84.57992612,396.5810812,0.5,[Rh(C2H4)2Cl]2,20.21646842,0,18.72206172,0,Lam,252.1296629,CC1(C)OB(C2=CC(C)=CC=C2O)OC1(C)C,4,L3.85,5,10,dioxane/H2O,ClC1=CC(C(F)(F)F)=CN=C1/C=C/CCC,100,16,62
166,4,0.36,0,0,-0.17,0,0,-0.15,1,385.2405646,218.5368649,240.1110795,240.1110795,0,0,0,21.5742147,0,0,84.57992612,396.5810812,0.5,[Rh(C2H4)2Cl]2,18.13666273,0,18.00902347,0,Lam,234.8336777,CC1(C)OB(C2=CC=CC=C2O)OC1(C)C,4,L3.85,5,10,dioxane/H2O,ClC1=CC(C#N)=CN=C1/C=C/CCCCCC,100,16,56
167,3.5,0.36,0,0,-0.17,0,0,-0.15,1,385.2405646,218.5368649,240.1110795,240.1110795,0,0,0,21.5742147,0,0,84.57992612,396.5810812,0.5,[Rh(C2H4)2Cl]2,17.13817676,0,29.17730978,0,Lam,134.6239983,OB(C1=CC=CC=C1)O,2.4,L3.85,1.25,3,dioxane/H2O,C[Si](C(C)(C)C)(C)OCCC/C=C/C1=CC=C([N+]([O-])=O)C=C1,80,1.5,88
168,6.5,0.36,0,0,-0.17,0,0,-0.15,1,385.2405646,218.5368649,240.1110795,240.1110795,0,0,0,21.5742147,0,0,84.57992612,396.5810812,0.5,[Rh(C2H4)2Cl]2,20.02084097,0,18.36554259,0,Lam,134.6239983,OB(C1=CC=CC=C1)O,2.4,L3.85,2.5,6,dioxane/H2O,CCCC/C=C/C1=CC(C)=C([N+]([O-])=O)C=C1,80,1,79
169,3,0.36,0,0,-0.17,0,0,-0.15,1,385.2405646,218.5368649,240.1110795,240.1110795,0,0,0,21.5742147,0,0,84.57992612,396.5810812,0.5,[Rh(C2H4)2Cl]2,17.13817676,0,18.58004591,0,Lam,134.6239983,OB(C1=CC=CC=C1)O,2.4,L3.85,2.5,6,dioxane/H2O,O=[N+](C1=CC=C(/C=C/CCC2=CC=CC=C2)C=C1)[O-],80,0.5,95
170,1,0.36,0,0,-0.17,0,0,-0.15,1,380.2827638,216.3874908,237.9617055,237.9617055,0,0,0,21.5742147,0,0,84.57992612,394.4317072,0.5,[Rh(C2H4)2Cl]2,16.07246394,0,31.15753054,0,Lam,134.6239983,OB(C1=CC=CC=C1)O,2.4,L3.86,2.5,6,dioxane/H2O,C[Si](C)(C(C)(C)C)OCC/C=C/C1=NC=CC=N1,80,0.5,72
171,1.5,0.36,0,0,-0.17,0,0,-0.15,1,380.2827638,216.3874908,237.9617055,237.9617055,0,0,0,21.5742147,0,0,84.57992612,394.4317072,0.5,[Rh(C2H4)2Cl]2,16.07246394,0,31.15753054,0,Lam,140.6915573,FC(C=C1)=CC=C1B(O)O,2.4,L3.86,2.5,6,dioxane/H2O,C[Si](C)(C(C)(C)C)OCC/C=C/C1=NC=CC=N1,80,0.5,65
172,3.5,0.36,0,0,-0.17,0,0,-0.15,1,380.2827638,216.3874908,237.9617055,237.9617055,0,0,0,21.5742147,0,0,84.57992612,394.4317072,0.5,[Rh(C2H4)2Cl]2,14.67972665,0,19.22207626,0,Lam,210.513249,ClC1=CC(B(O)O)=CC=C1OC(C)C,2.4,L3.86,2.5,6,dioxane/H2O,C12=CC=CC=C1OC(/C=C/C3=CC=CC=C3)=N2,80,0.5,69
173,3.5,0.36,0,0,-0.17,0,0,-0.15,1,380.2827638,216.3874908,237.9617055,237.9617055,0,0,0,21.5742147,0,0,84.57992612,394.4317072,0.5,[Rh(C2H4)2Cl]2,14.67972665,0,19.22207626,0,Lam,175.2785624,OB(C1=CC=C(C=CC=C2)C2=C1)O,2.4,L3.86,2.5,6,dioxane/H2O,C12=CC=CC=C1OC(/C=C/C3=CC=CC=C3)=N2,80,0.5,78
174,2.5,0.36,0,0,-0.17,0,0,-0.15,1,380.2827638,216.3874908,237.9617055,237.9617055,0,0,0,21.5742147,0,0,84.57992612,394.4317072,0.5,[Rh(C2H4)2Cl]2,18.54060741,0,18.36554259,0,Lam,134.6239983,OB(C1=CC=CC=C1)O,2.4,L3.86,2.5,6,dioxane/H2O,CCCC/C=C/C1=NC2=CC=CC=C2C=C1,80,0.5,56
175,3.25,0.36,0,0,-0.17,0,0,-0.15,1,380.2827638,216.3874908,237.9617055,237.9617055,0,0,0,21.5742147,0,0,84.57992612,394.4317072,0.5,[Rh(C2H4)2Cl]2,18.54060741,0,18.36554259,0,Lam,151.9199836,CC1=CC(B(O)O)=CC=C1,2.4,L3.86,2.5,6,dioxane/H2O,CCCC/C=C/C1=NC2=CC=CC=C2C=C1,80,0.5,71
176,5,0.36,0,0,-0.17,0,0,-0.15,1,380.2827638,216.3874908,237.9617055,237.9617055,0,0,0,21.5742147,0,0,84.57992612,394.4317072,0.5,[Rh(C2H4)2Cl]2,20.98888397,0,18.58004591,0,Lam,134.6239983,OB(C1=CC=CC=C1)O,2,L3.86,2.5,6,dioxane/H2O,C12=CC=CC=C1N=CC(/C=C/CCC3=CC=CC=C3)=N2,80,0.5,80
177,2,0.36,0,0,-0.17,0,0,-0.15,1,380.2827638,216.3874908,237.9617055,237.9617055,0,0,0,21.5742147,0,0,84.57992612,394.4317072,0.5,[Rh(C2H4)2Cl]2,17.13817676,0,18.58004591,0,Lam,134.6239983,OB(C1=CC=CC=C1)O,2.4,L3.86,2.5,6,dioxane/H2O,O=[N+](C1=CC=C(/C=C/CCC2=CC=CC=C2)C=C1)[O-],80,0.5,35
178,15,0.36,0,0,-0.17,0,0,-0.15,1,275.188529,104.3424522,125.9166669,125.9166669,0,0,0,21.5742147,0,0,84.57992612,282.3866686,0.5,[Rh(C2H4)2Cl]2,17.13817676,0,18.58004591,0,Lam,134.6239983,OB(C1=CC=CC=C1)O,2.4,L3.87,2.5,6,dioxane/H2O,O=[N+](C1=CC=C(/C=C/CCC2=CC=CC=C2)C=C1)[O-],120,0.5,76